province,district,total_loss,mean_loss,max_loss,std_loss,trend_slope,pct_recent,mean_loss_scaled,max_loss_scaled,std_loss_scaled,trend_slope_scaled,pct_recent_scaled
Aceh,Aceh Barat,75214.5920154916,3008.583680619664,6502.938359406206,1653.9311341069742,85.67723186840223,44.268585648881256,-0.16165805030595373,-0.23337173055362112,-0.17747466549317484,0.46231055106505153,-0.09281710302047835
Aceh,Aceh Barat Daya,34174.823089093865,1366.9929235637546,7361.221654628653,1387.9321850024542,-11.770692239992275,34.43330821949583,-0.4360470323005334,-0.18288337332136295,-0.24583233313359096,-0.005850859238685368,-0.8591626376650555
Aceh,Aceh Besar,24288.740623818307,971.5496249527323,2241.289721854456,617.0129237169776,40.02582267444341,54.313160531509766,-0.5021446779385086,-0.48406242907795116,-0.4439468099687637,0.24299107036658418,0.6898364788405503
Aceh,Aceh Jaya,61741.71884183183,2469.6687536732734,4978.30362184902,1204.214226133254,61.92579378098737,47.756597023308586,-0.2517367240258906,-0.3230580890170547,-0.2930450428613341,0.34820338199516515,0.178961904818745
Aceh,Aceh Selatan,49234.247734291814,1969.3699093716725,4324.427557067588,1201.8482979751254,116.59096241787626,57.09264935145026,-0.3353607880570367,-0.36152222845454873,-0.2936530502660209,0.6108269594360818,0.9064087983352557
Aceh,Aceh Singkil,75113.28148237772,3004.5312592951086,9718.506750529888,2162.8704869860185,-121.14375542092377,23.563521088488777,-0.16233540533922164,-0.0442165104304879,-0.04668502421694549,-0.531303278841472,-1.7061151400414787
Aceh,Aceh Tamiang,58485.9120629899,2339.4364825195958,4290.108293057228,1004.0346699175535,70.58471980788394,48.97259255317391,-0.27350481704853097,-0.36354105285780614,-0.34448813170911,0.38980278041804467,0.27370989247345495
Aceh,Aceh Tengah,42744.7187301861,1709.788749207444,4685.784412072841,1193.1546635257828,107.82768066872646,69.13876736517457,-0.37874931834467934,-0.34026547781593586,-0.29588718155216337,0.568726213010663,1.8450186968255387
Aceh,Aceh Tenggara,30517.432056610454,1220.6972822644182,4295.9698408218,869.1995417585655,-7.6291322234436665,35.87188033249037,-0.46050008913813467,-0.3631962483869292,-0.37913870047253523,0.014046112358659718,-0.7470719190276993
Aceh,Aceh Timur,101812.78645091566,4072.5114580366267,10245.26891445576,2832.307459441506,203.15327918367925,55.43882584015609,0.01617558972059861,-0.013229822868505383,0.12535005420487758,1.026691501108203,0.7775461127557093
Aceh,Aceh Utara,64435.92452929741,2577.436981171896,5371.670319821567,1629.6725815918594,182.26165641088085,67.54811727289656,-0.23372345603713798,-0.29991836524395665,-0.1837087430180985,0.9263235182051744,1.7210783602004427
Aceh,Banda Aceh,53.68271968409285,2.5563199849568026,22.59138128752764,4.948478627975221,-0.23584287596755224,11.412075069823176,-0.6641101893589751,-0.6145769515353978,-0.6012380250384505,0.04956511185882299,-2.6529319901748964
Aceh,Bener Meriah,24497.588178862286,979.9035271544915,3170.5028480761302,720.4843577939357,68.27732941012854,68.0088725312815,-0.5007483380097105,-0.4294016375622265,-0.4173562316047466,0.37871756590354266,1.7569795065953917
Aceh,Bireuen,28739.07416681498,1149.562966672599,4040.914330867172,1027.9880295600522,92.98988232538309,63.41340069523397,-0.47239006375953524,-0.3781998419233822,-0.338332484091608,0.4974421434752742,1.3989093508295873
Aceh,Gayo Lues,33392.81822576672,1335.712729030669,2945.348458310752,732.3690190202583,38.84097192602033,54.826293982943916,-0.4412754613091852,-0.44264630319438153,-0.41430205516960333,0.23729878494894743,0.7298188313472953
Aceh,Langsa,5070.906636124242,202.83626544496968,629.5615648025121,190.37773664675774,4.7380752013098375,50.79476599697572,-0.6306337518775285,-0.5788720419499311,-0.5535855375638618,0.07346091593160406,0.4156900747338251
Aceh,Lhokseumawe,679.1718075315931,27.166872301263723,70.49954753704677,20.53666782700416,2.041198052742928,67.25720245786015,-0.659996579211397,-0.6117587624532939,-0.5972320984738142,0.06050452080219522,1.6984108481688027
Aceh,Nagan Raya,103377.69843704016,4135.107937481606,11472.990387042264,2794.463591104385,70.62723429434718,39.86843373790256,0.02663848018067667,0.058990667306124164,0.1156247579857557,0.3900070294271752,-0.43566831316138344
Aceh,Pidie,19332.096653999397,773.2838661599759,1521.3953704024177,406.0680471764887,26.081879136370503,52.02866673141383,-0.5352844476927523,-0.5264100821057025,-0.49815642173432506,0.17600127728778484,0.5118332008246156
Aceh,Pidie Jaya,11995.31525963411,479.8126103853644,1350.9431054574004,342.7760397501747,21.20899840641838,49.92998404812868,-0.5843376473227768,-0.5364369052904193,-0.5144215010607952,0.15259087900943125,0.3483079607367037
Aceh,Sabang,753.7349246041985,30.14939698416794,58.94008969201225,17.14611805464057,0.5888966925527637,50.462473608041634,-0.6594980555032204,-0.6124387454383291,-0.5981034179855557,0.053527343410336416,0.38979850326730187
Aceh,Simeulue,18230.845460060264,729.2338184024105,3274.303879042503,669.3540291179467,-15.495077292291814,34.19388864411084,-0.542647335007425,-0.4232955609769323,-0.4304959452229577,-0.023743629911349786,-0.8778177415825714
Aceh,Subulussalam,53164.354872174066,2126.5741948869627,6745.839410593981,1521.8161445913395,2.129081735718633,35.23882214219379,-0.3090843706964237,-0.21908312082216766,-0.2114262001666378,0.06092673347979754,-0.7963985720669391
Bangka Belitung,Bangka,140516.67211176953,5620.666884470781,12414.794732154149,2786.7746626295775,180.41346474678818,54.074740719084325,0.27494702200527993,0.11439213496090112,0.11364882079141246,0.9174443961110929,0.6712592744927467
Bangka Belitung,Bangka Barat,139917.7252342834,5596.709009371336,13263.683057877632,2692.3140594085567,157.72696639060084,49.237331021628954,0.27094250569630673,0.16432783483760985,0.08937388834587656,0.808453433374195,0.29433779489977663
Bangka Belitung,Bangka Selatan,169524.7252330775,6780.989009323101,20262.3332904436,4011.098210593515,238.69455431738905,56.69635937362334,0.4688928061512686,0.576022149584627,0.4282812750089985,1.197439658576212,0.8755306602133258
Bangka Belitung,Bangka Tengah,106992.0372878051,4279.681491512204,8888.070579099302,2258.5729525727966,170.37136537552306,54.77817750828176,0.050803693187198865,-0.0930667657193429,-0.022090952108868234,0.8691999265949202,0.7260696899768634
Bangka Belitung,Belitung,90753.51500718246,3630.1406002872986,11769.45437790982,2509.7271429546327,-17.221732501063357,35.05887286940448,-0.05776591415311814,0.07643010712831336,0.042451839245819904,-0.032038863956023955,-0.8104198666013062
Bangka Belitung,Belitung Timur,83262.46082122742,3330.498432849097,8207.1890956006,1734.1086766132264,92.3508045689502,51.37320128930644,-0.10785057071726166,-0.1331194939537923,-0.15687026152346537,0.494371872389637,0.4607606186550426
Bangka Belitung,Pangkalpinang,2563.994190316044,102.55976761264175,301.3002270763682,73.8459920585713,2.94339473583458,52.006147450062116,-0.6473947905468374,-0.5981819548620322,-0.5835324162749768,0.06483887348740708,0.5100785425720961
Bengkulu,Bengkulu,1907.843813809429,76.31375255237717,177.86274761158603,48.76698795032646,3.2457076812796277,59.553892626661884,-0.6517817653898952,-0.6054431419243439,-0.5899773373295725,0.06629125183397094,1.0981840489242245
Bengkulu,Bengkulu Selatan,38011.311885123236,1520.4524754049294,2681.7336239788083,653.9926007559452,25.319282339809032,50.1324446592311,-0.41039654052841734,-0.458153397415555,-0.43444359771552127,0.17233759337621982,0.36408329461759503
Bengkulu,Bengkulu Tengah,35488.862810323146,1419.5545124129258,4093.331087217688,743.4831993790277,62.28151244375369,58.36561437985307,-0.42726145599635923,-0.37511643585651333,-0.4114458805508011,0.3499123332361049,1.0055957376238769
Bengkulu,Bengkulu Utara,117295.32510146045,4691.813004058418,7430.930717404273,1620.1068563283902,126.60833607164498,50.45269365452126,0.11969074417075325,-0.17878275050447676,-0.18616698832508585,0.6589526411291193,0.38903646846318174
Bengkulu,Kaur,58365.59277369494,2334.6237109477975,4937.588235752757,1111.8816019622566,35.36107204352698,48.82066328456594,-0.2743092632763634,-0.3254531641274757,-0.316773117189058,0.22058057518091037,0.2618718617299936
Bengkulu,Kepahiang,6673.040973804303,266.9216389521721,507.29275709173857,124.72434814014235,8.852175156162879,57.51984013653756,-0.6199219954170327,-0.5860644821109201,-0.5704574557654591,0.09322596331067515,0.939694666776022
Bengkulu,Lebong,19044.310177909218,761.7724071163688,1838.0543515332115,428.2116375807046,35.98295369799748,62.83898244536592,-0.5372085676444949,-0.5077826756897466,-0.49246585717265035,0.22356823238410625,1.3541518069814076
Bengkulu,Mukomuko,135812.0790003651,5432.483160014604,9825.322597803412,1830.778126779818,-14.079023305070585,40.80130129242849,0.24349244639955228,-0.037933087829545596,-0.13202768914595914,-0.016940592927346836,-0.36298110225568936
Bengkulu,Rejang Lebong,26034.236468591276,1041.369458743651,2159.956485962441,555.5180466476598,46.25556499252905,60.038764079500936,-0.490474416617545,-0.48884684174382653,-0.4597500542388788,0.27292013223371747,1.1359642819097882
Bengkulu,Seluma,65441.23155517532,2617.6492622070127,4556.701629610574,1067.6741702859892,44.58133789117543,48.45596402436434,-0.22700204461990142,-0.34785874879041023,-0.32813375200335293,0.26487677442892116,0.23345521038992675
Jambi,Batang Hari,303373.56616221706,12134.942646488682,29923.1191399518,7543.341661439393,9.120073113469955,41.054446266107334,1.363796655867576,1.1443161031421165,1.3360138982047494,0.09451300443194996,-0.34325654221258517
Jambi,Bungo,170723.20490038584,6828.928196015434,12843.48450563402,2323.003337274508,81.34568976627762,45.564059564757194,0.4769057561375053,0.13960973216423245,-0.005533327207676876,0.44150086345113154,0.008123684650021059
Jambi,Jambi,2498.6723753416463,99.94689501366585,216.9374522327568,61.002611818402734,0.20412535026253636,42.99844412201202,-0.647831527565143,-0.6031445796004117,-0.5868329688553253,0.05167881666234038,-0.19178404060524848
Jambi,Kerinci,53630.68811161209,2145.227524464484,6044.761614818412,1908.5800693861156,190.81766139396052,80.30213192636523,-0.30596649975838025,-0.2603238934175927,-0.11203377807088093,0.9674284611384772,2.714846176985654
Jambi,Merangin,223885.78771605802,8955.431508642321,15788.607540372472,3853.941475417816,461.82229449964365,61.450488127231,0.832347011305294,0.31285605386071735,0.3878943941331192,2.2693947410202058,1.245963051938983
Jambi,Muaro Jambi,293852.9693880786,11754.118775523144,40671.12787199825,8803.090748380773,88.84172789740316,50.396570437441866,1.3001426216179728,1.7765657431148358,1.6597501749282324,0.47751349086487466,0.3846634574212989
Jambi,Sarolangun,260632.06784895662,10425.282713958264,25351.03890491837,5356.096960161509,176.00489206439482,46.70250693742677,1.07803003198303,0.8753643229014363,0.7739254131127827,0.8962646365287334,0.096829271933866
Jambi,Sungai Penuh,2743.265623937917,109.73062495751668,491.7317595672056,144.84631205898924,14.244311470995378,93.9380969763156,-0.6461961944665223,-0.5869798549327869,-0.5652864183366741,0.11913098042416456,3.7773338395479046
Jambi,Tanjung Jabung B,268994.83749851526,10759.79349994061,38038.1599837968,7515.211312343199,-402.43739840656986,30.793236246446014,1.1339429162615182,1.6216818905913801,1.3287848280877435,-1.8827002410092033,-1.1427899092249905
Jambi,Tanjung Jabung T,165998.31369222808,6639.932547689124,27250.735821660477,5117.61272134305,60.630427761585274,49.44414156518644,0.4453154688976657,0.9871136451816008,0.7126386058170737,0.34198015673868604,0.31045206698926275
Jambi,Tebo,335864.9592271845,13434.598369087378,39630.0488326184,8612.068925414853,-147.11628416096167,32.42241187191131,1.581031803625624,1.7153244597998631,1.6106604836706933,-0.6560810593364701,-1.015847738585567
Kepulauan Riau,Batam,32414.91509037172,1296.5966036148689,6190.706554431386,1234.2752022791617,-25.148576429152836,32.16626608012244,-0.44781365225981085,-0.2517387091451778,-0.28531983107667774,-0.07012117783378365,-1.03580611649252
Kepulauan Riau,Bintan,28446.012110404758,1137.8404844161903,4079.6132122007434,837.2586455257848,27.851628189801282,49.289523566087,-0.47434945586683125,-0.37592338733532943,-0.3873470230097777,0.1845035437066801,0.29840453563732394
Kepulauan Riau,Karimun,21304.851263559653,852.1940505423861,3334.87873823303,633.6227998914301,23.222713678893093,48.67324017427334,-0.5220947504014944,-0.4197322560085973,-0.4396783254544299,0.16226521317855414,0.2503849420078716
Kepulauan Riau,Kepulauan Anambas,4193.53558236789,167.74142329471562,356.615949222302,95.31146151526164,-0.509155499546248,43.99930144910693,-0.6364997924661944,-0.5949280176645939,-0.578016118440697,0.048252057481532315,-0.1137991999190188
Kepulauan Riau,Lingga,36593.60035190483,1463.7440140761933,3669.880855592008,913.4560963900011,23.459937986131646,42.503280400637735,-0.41987525920881313,-0.40002581797242504,-0.3677654418089573,0.1634048912912617,-0.23036622697646555
Kepulauan Riau,Natuna,31668.162600717747,1266.72650402871,4917.633899601701,1264.6432454613594,0.8126056243700192,48.54841320837026,-0.45280638640033555,-0.32662697428728543,-0.2775157077531575,0.05460209066611799,0.2406586695554808
Kepulauan Riau,Tanjungpinang,2524.663869028886,100.98655476115545,351.61298406930626,76.51142613980294,-2.3472186412991256,29.31040851548481,-0.6476577502832545,-0.595222316171009,-0.5828474404220433,0.03942159505204874,-1.2583289388485073
Lampung,Bandar Lampung,469.0058221927533,18.76023288771013,67.78872859951336,17.765471414169184,-0.4368192487990138,31.503505427611415,-0.6614017340715628,-0.6119182258794982,-0.5979442536307898,0.048599576851244504,-1.0874471271540451
Lampung,Lampung Barat,47581.58248023053,1903.2632992092213,3544.5367863593638,811.5012993194498,7.318259999175672,46.480263687160225,-0.346410390637718,-0.40739915982771824,-0.39396626762408604,0.08585669516307848,0.0795125135943602
Lampung,Lampung Selatan,21391.30347148837,855.6521388595347,3054.932710201231,682.8247125795847,-7.372479816371571,33.32709618929452,-0.5215167370757546,-0.43620002970021743,-0.427034185294733,0.015279127365927282,-0.9453565102631013
Lampung,Lampung Tengah,24024.121268764524,960.9648507505809,3299.593226767219,699.7509332289075,-21.554228508894447,34.91036255920385,-0.5039139041634294,-0.4218079197409866,-0.42268440508150323,-0.05285313434423008,-0.8219914988087414
Lampung,Lampung Timur,13649.27019806965,545.970807922786,2305.713004246096,517.887710497162,7.689610439970474,50.98370823219292,-0.5732794220039124,-0.48027274132150843,-0.46942047594705677,0.08764074492781258,0.43041208326932934
Lampung,Lampung Utara,28329.203269301306,1133.1681307720523,2640.218682969737,538.8510349526957,28.970582563174354,54.68919147004001,-0.47513043148723066,-0.46059550619689726,-0.46403322170942257,0.1898792483437658,0.7191360723395481
Lampung,Mesuji,39939.15594042633,1597.5662376170533,6815.342254691944,1458.9814707350704,68.22159087164727,48.06228280718276,-0.3975071120151231,-0.21499462878112607,-0.22757375174990754,0.378449785619638,0.20278034178284998
Lampung,Metro,34.63768181351047,1.3855072725404187,6.667138432519261,1.6077599448048097,-0.0587738026697276,30.530051155973553,-0.6643058886262166,-0.6155136921971259,-0.6020965387212792,0.050415790904423545,-1.1632967754844004
Lampung,Pesawaran,10851.069460633307,434.0427784253323,1067.0729475911269,231.2687411493966,-4.6503049463080215,37.05557926618518,-0.591987993515088,-0.5531355151989523,-0.5430771738854181,0.02835705835237669,-0.6548404188271763
Lampung,Pringsewu,6378.050663907173,255.1220265562869,588.032715791283,118.03567753036266,1.125847341024391,45.03345285559068,-0.6218942796902728,-0.5813149688669464,-0.5721763419642159,0.05610697325008924,-0.033220149841856575
Lampung,Tanggamus,26644.428704964586,1065.7771481985835,2423.322608441068,499.5626813168645,3.644860775991446,46.51022996699925,-0.48639471463725986,-0.47335437795175267,-0.47412972859044034,0.06820887170588864,0.08184742736872234
Lampung,Tulang Bawang Barat,12371.096645697675,494.843865827907,1367.1902978968965,329.8271661412215,-16.52118899526248,29.57657264732274,-0.5818251996489262,-0.5354811671786879,-0.5177491638258491,-0.02867329779691262,-1.2375899515264899
Lampung,Tulangbawang,26256.97877083776,1050.2791508335104,4199.630346428707,887.913578205978,17.500355252166656,47.762566229238416,-0.48898517739521524,-0.3688634014534852,-0.3743294789023395,0.1347737359015236,0.17942701364181
Lampung,Way Kanan,71097.42495888531,2843.8969983554125,8600.531983119488,2042.7790915824378,-37.32672564857958,32.279808173679704,-0.18918513700543965,-0.10998117082625833,-0.0775466788253857,-0.1286277039154926,-1.0269591391686437
Riau,Bengkalis,438313.2616175747,17532.530464702988,49669.00952616784,12379.032761848202,-880.1007925500743,17.806951104493756,2.2659938815161405,2.305864479112669,2.5787126613625566,-4.1775009799551555,-2.1546557870925755
Riau,Dumai,138984.9849995543,5559.399399982171,14537.680233171284,3894.499755597886,-203.19876661876395,22.90513375308793,0.2647062706938215,0.2392704847262378,0.398317252741958,-0.9255137262814763,-1.75741539040793
Riau,Indragiri Hilir,493644.5550714902,19745.782202859606,43606.535096108695,9576.347809591462,-325.05127177206515,33.62001187760276,2.63593498207379,1.9492405340352723,1.8584654306418007,-1.5109201490818023,-0.9225330941089537
Riau,Indragiri Hulu,402143.13074704906,16085.725229881962,39828.41066066496,9097.017024737794,-566.7057054631289,28.606579466675182,2.0241629539109303,1.7269930579089092,1.7352847391723318,-2.6718815704571557,-1.3131699184325578
Riau,Kampar,470518.1823032497,18820.72729212999,39951.76750081007,7991.518782699383,-269.12266227549065,36.39616745703375,2.4813136952803596,1.7342495013780495,1.4511885739027757,-1.2422267219225085,-0.7062204941797305
Riau,Kepulauan Meranti,131342.04733534684,5253.681893413874,42110.46413469637,8352.563637292127,-88.48273786119293,22.278120551970083,0.2136061319749365,1.861234434458306,1.543971587732787,-0.3743925166818754,-1.8062710297419278
Riau,Kuantan Singingi,275137.8481700115,11005.513926800459,17260.35966418674,3533.563649112465,-93.20180643627977,39.96934325882497,1.175014649573581,0.39943160228172087,0.3055621855147507,-0.3970639673017495,-0.4278056411302964
Riau,Pekanbaru,16236.805104364887,649.4722041745955,2075.816663680396,413.20286234006755,-19.05554325089206,33.45937736025499,-0.5559793472864568,-0.49379635133871336,-0.49632288319866685,-0.04084889695287877,-0.9350494207670559
Riau,Pelalawan,721094.3081548729,28843.772326194914,79657.38832257049,22986.44011490521,-1485.9898615537227,19.088013724069825,4.156647886559091,4.069925354952787,5.304654357026405,-7.088326260510632,-2.0548378993755487
Riau,Rokan Hilir,519059.0985523872,20762.36394209549,58863.45603453905,15531.412959290798,-758.3136514495538,22.430749731714307,2.805854815835204,2.846726106563103,3.388826229624577,-3.5924085805412997,-1.7943784632949478
Riau,Rokan Hulu,357430.8227611887,14297.232910447548,36312.19168318239,8624.10396164973,-490.2360935239085,28.385768698672763,1.7252196364455896,1.5201521222526069,1.6137533041865397,-2.3045046181167113,-1.3303750605625106
Riau,Siak,434636.11531538016,17385.444612615207,39924.002931168,11316.858738558167,-871.486788405334,21.260666038972715,2.241408742347501,1.732616255667348,2.3057501586730673,-4.136117396203509,-1.8855490906138954
Sumatera Barat,Agam,33113.802420131855,1324.5520968052742,2866.142265755504,655.978561989277,15.313512773816733,45.78903483537496,-0.4431409411808154,-0.44730559292656713,-0.43393323600773315,0.12426766029094809,0.02565331665900402
Sumatera Barat,Bukittinggi,49.31258916670405,2.0546912152793353,10.308718509603729,2.2721312457881337,-0.03921893029909064,29.32917102573928,-0.6641940357176729,-0.6152994769178061,-0.601925805443064,0.050509736842329456,-1.256867000834509
Sumatera Barat,Dharmasraya,152776.31191486306,6111.052476594523,11633.584193809884,2377.0105640375486,173.85002503160283,54.88233791276712,0.3569141035262317,0.06843756849889454,0.008345705283530035,0.8859121780405795,0.7341856644816231
Sumatera Barat,Kepulauan Mentawai,33369.94015596775,1334.79760623871,2413.46420526444,454.0722084604312,-3.1785867204090343,43.84444310368494,-0.44142842245995095,-0.47393429670828896,-0.4858200853937056,0.03542751866757216,-0.12586545858519724
Sumatera Barat,Kota Solok,521.0119181184039,20.840476724736153,87.46353903720757,20.63513829205904,1.8057207171449303,74.2359190733399,-0.661054025005653,-0.6107608587684468,-0.5972067930681152,0.059373235528170296,2.242178764653189
Sumatera Barat,Lima Puluh Kota,44902.00051765248,1796.0800207060993,8113.7808847991955,1799.4275033758897,99.21267119880157,65.8462780593852,-0.3643258854398805,-0.13861421480134772,-0.14008432058070777,0.5273377994541689,1.5884743852418057
Sumatera Barat,Padang,3694.2558662770366,147.77023465108147,311.76813837468035,80.39054924040471,7.598793982376561,61.56250796041326,-0.639837941208562,-0.5975661819021637,-0.5818505650263327,0.08720444255138984,1.2546914177189221
Sumatera Barat,Padang Panjang,23.92496545205617,1.0402158892198334,3.769532169227362,0.9638834782678344,-0.009786377990552299,43.086800669091666,-0.6643636034682098,-0.6156841433534677,-0.6022620051400347,0.05065113734237784,-0.18489947168512877
Sumatera Barat,Padang Pariaman,9947.020942666852,397.8808377066741,782.899720713254,187.85882142549042,17.134451384929818,56.30347924344492,-0.5980323977358674,-0.5698519530864391,-0.5542328603073893,0.13301585268247584,0.8449182107349561
Sumatera Barat,Pariaman,343.01935879261134,13.720774351704454,44.694907449773375,10.359359340975255,0.21575322864602356,46.961247793032314,-0.6622440706232003,-0.6132767156678423,-0.5998475113290304,0.05173467956545157,0.11698985212563563
Sumatera Barat,Pasaman,56637.29722499855,2265.4918889999417,4434.214713304679,983.3077221733373,65.81015277597224,53.540302570448304,-0.2858645246386547,-0.3550640191494552,-0.34981464074183055,0.36686470291971696,0.6296169017491726
Sumatera Barat,Pasaman Barat,123338.08329390104,4933.523331756041,9238.413001229905,1759.8291708328509,85.39085042921933,46.750918175107856,0.16009219652387968,-0.0724579370719671,-0.15026048730694588,0.4609347112031008,0.1006013806608322
Sumatera Barat,Payakumbuh,195.78964075612984,7.831585630245193,33.23425687033426,7.899623659486309,-0.1303689378212651,34.69547170706097,-0.6632284380674671,-0.6139508863336233,-0.6004796258346122,0.0500718320181763,-0.8387353727012702
Sumatera Barat,Pesisir Selatan,145988.84877084178,5839.5539508336715,10801.28781741354,2511.6285286844573,-0.4275935407819886,39.734579898714316,0.31153360672680197,0.019477886994524074,0.042940466340825864,0.04864389919587954,-0.4460979418824267
Sumatera Barat,Sawahlunto,2827.218476869345,113.0887390747738,307.6313652885681,81.54051324486134,-0.761235399879179,35.241552925653835,-0.6456348916508874,-0.5978095268193059,-0.5815550418391933,0.047041009809364154,-0.7961857947735977
Sumatera Barat,Sijunjung,72345.15759922197,2893.806303968879,5868.384137524242,1304.813367150204,119.86872723362441,53.79475829592364,-0.180842885137565,-0.27069926613068346,-0.26719259994868966,0.6265740675743497,0.6494435930024519
Sumatera Barat,Solok,16012.900725408375,640.516029016335,2032.6052536964576,394.37706117125305,36.00806976909841,59.883390886579,-0.5574763560711844,-0.49633825459597436,-0.5011608265954158,0.2236888955524137,1.1238579073358035
Sumatera Barat,Solok Selatan,84356.71384333656,3374.2685537334623,5599.6058060316645,1422.1556797789965,143.09732708821574,56.12285421114728,-0.10053447268270645,-0.2865101021241423,-0.23703741762996183,0.7381694059748921,0.8308442623445669
Sumatera Barat,Tanah Datar,6524.356112844741,260.97424451378964,691.0535683793565,168.245833074519,-0.1908493323055887,35.94740569532923,-0.6209160918435958,-0.5752547861314891,-0.5592730987881972,0.04978127080780087,-0.7411871308273131
Sumatera Selatan,Banyu Asin,356909.1932591657,14276.367730366626,52741.97385391133,10827.186436913795,24.625517718588224,40.691073493440086,1.7217320586208913,2.486631041394285,2.1799118553218353,0.1690045944800269,-0.37156983624463413
Sumatera Selatan,Empat Lawang,52997.16937505008,2119.886775002003,4403.4877953668365,1103.0108408335354,81.81850821606062,55.527844158715844,-0.31020216106318677,-0.35687152445467024,-0.31905276732675975,0.4437723880043054,0.7844822456121159
Sumatera Selatan,Lahat,127959.21407426325,5118.36856297053,11922.261843374585,2387.2492766478535,43.221626573875206,42.50937398403013,0.1909887489085059,0.08541897822377308,0.010976898060934383,0.2583444201100631,-0.2298914269053672
Sumatera Selatan,Lubuklinggau,10055.579429217945,402.2231771687178,926.8729132329844,235.61371988476353,19.616130942276857,58.115584229607606,-0.5973065834003859,-0.5613827564747064,-0.5419605807060209,0.14493839092143518,0.9861138785159028
Sumatera Selatan,Muara Enim,420846.1033675062,16833.844134700248,38805.22849276446,7519.582221965443,-202.4988921990816,35.87338010569642,2.1492097012940223,1.666804554772252,1.3299080851090568,-0.9221513745602685,-0.7469550596398796
Sumatera Selatan,Musi Banyuasin,805771.826723709,32230.87306894836,104543.72742616484,21061.677011460964,46.93669164666247,38.81708237507105,4.722795765208209,5.533859682766704,4.810019634014479,0.27619241553694995,-0.5175875501156139
Sumatera Selatan,Musi Rawas,488641.92737010936,19545.677094804374,50364.11141716889,9958.059252604342,484.6709777883258,48.263932467339785,2.602487768354299,2.3467537202071065,1.956559442080039,2.3791648760937285,0.21849248795599438
Sumatera Selatan,Ogan Ilir,64978.94860923191,2599.1579443692767,6459.749644366772,1271.9309441653845,16.31078945522481,42.91429094413416,-0.23009283558313404,-0.23591229878493913,-0.27564288048240954,0.1290587983465079,-0.198341091238123
Sumatera Selatan,Ogan Komering Ilir,752094.32798079,30083.773119231602,88206.18359324118,19287.571224914456,350.97946541824655,48.278234548273396,4.3639118187001396,4.572806666908411,4.354101540638732,1.7368812405060092,0.21960687806225118
Sumatera Selatan,Ogan Komering Ulu,138692.9040478043,5547.7161619121725,13746.885124160492,2779.1478950335722,-98.53837705059867,32.76451448626452,0.262753438182644,0.19275210765481693,0.11168885799361371,-0.42270203448321136,-0.989191773587923
Sumatera Selatan,Ogan Komering Ulu Selatan,86487.31652457807,3459.4926609831227,8341.790437223057,1905.0813983061987,137.4795789632139,54.70497206101,-0.08628941438841516,-0.12520159475010972,-0.11293288310745805,0.7111804997565658,0.7203656650491316
Sumatera Selatan,Ogan Komering Ulu Timur,70759.22508815052,2830.3690035260206,7458.749377969972,2042.9886680479365,-113.37773147783173,25.555954623081938,-0.19144631733537884,-0.17714632290512577,-0.0774928208743598,-0.4939935797902496,-1.550868625311798
Sumatera Selatan,Pagar Alam,5129.183845276397,205.16735381105588,382.0204049522957,109.16155499424302,11.017432171839054,63.130784665366726,-0.6302441145937168,-0.5934336052213753,-0.5744568559322843,0.10362833757779098,1.3768884638680619
Sumatera Selatan,Palembang,3430.212668357237,137.20850673428947,294.03158134454856,79.40242821493725,5.961262068473332,59.68278283380081,-0.6416033152877811,-0.5986095316124427,-0.5821044970395034,0.07933737655440087,1.1082269211674838
Sumatera Selatan,Prabumulih,20330.503593745423,813.2201437498169,1733.2790238078917,353.8617945892219,1.9707952858665647,44.11432975468353,-0.5286091697616179,-0.5139460651029727,-0.511572631366453,0.0601662903172291,-0.10483641986840375
Sumatera Utara,Asahan,137597.97036878343,5503.918814751337,12545.811432642358,2704.5611841105056,-158.60537923040528,32.740890885494714,0.25543278932429053,0.12209916830812022,0.0925212123587906,-0.7112772166690929,-0.9910324782444154
Sumatera Utara,Batu Bara,19215.368394903504,768.6147357961402,1398.0825965255972,318.3484250702491,0.3012215312225061,42.68295260174762,-0.536064884547569,-0.5336639333847024,-0.5206990249801938,0.052145288220654576,-0.21636652132414325
Sumatera Utara,Dairi,29121.758958146078,1164.8703583258432,3102.5316351029105,721.5607891104873,32.075378927394944,49.4853527660004,-0.4698314604080771,-0.4334000316836132,-0.41707960519542325,0.20479537773162837,0.313663162959648
Sumatera Utara,Deli Serdang,37454.45432557205,1498.178173022882,2837.5871214595622,632.7113963047408,30.539468357558217,46.91891135406958,-0.4141196506452229,-0.4489853440461069,-0.4399125422574471,0.1974165231787561,0.11369107980479505
Sumatera Utara,Gunungsitoli,1481.9463091558716,59.27785236623487,153.44023409842293,33.004729901812055,-0.45268519202054475,36.87970174730376,-0.6546292858753419,-0.6068797917969743,-0.594027996930184,0.0485233533459995,-0.6685444502799587
Sumatera Utara,Humbang Hasundutan,38083.28976550918,1523.3315906203673,3572.4808345143965,668.5741028110734,13.81584235179837,42.817933485608144,-0.40991530152922495,-0.40575535632644993,-0.4306963743729552,0.11707251987767055,-0.2058490754918753
Sumatera Utara,Karo,28071.21110864852,1122.8484443459408,2791.849067053032,705.6947541726582,22.989326476598954,45.76625067413686,-0.4768553487607918,-0.4516758766975514,-0.42115693387173014,0.16114396936784628,0.02387801948505018
Sumatera Utara,Kota Binjai,200.48583883484173,8.01943355339367,22.651555338910047,5.434692025085798,0.4275795705364565,59.86233575345125,-0.6631970396204541,-0.6145734118078752,-0.6011130756207408,0.05275234022745395,1.1222173326423444
Sumatera Utara,Kota Medan,317.16526372632273,12.68661054905291,42.99469114750397,10.799510173476323,0.027644940881598586,35.9720921164579,-0.6624169292676618,-0.6133767305796073,-0.5997343992869676,0.05083096568857456,-0.739263613292181
Sumatera Utara,Kota Tanjungbalai,923.057724483545,36.9223089793418,89.12324308639302,25.41822991010948,0.13517659679511246,42.40011197771604,-0.6583659752819432,-0.6106632269825301,-0.5959776115686353,0.0513475715798275,-0.23840490822262403
Sumatera Utara,Labuhanbatu,124100.06550909429,4964.002620363772,10383.9140385714,2232.1875305932167,-41.101186625518,35.7558435278207,0.16518675552833761,-0.005074048902233637,-0.028871602605060744,-0.14676105042100002,-0.756113279350423
Sumatera Utara,Labuhanbatu Selatan,163930.82965596838,6557.2331862387355,11288.560463240072,2274.9384844677534,-68.66398422886833,37.719548305214055,0.4314924173834929,0.048141610905894576,-0.017885260342790962,-0.2791788347500699,-0.6031052530572945
Sumatera Utara,Labuhanbatu Utara,111955.34181751752,4478.213672700701,7080.654679553225,1483.5752386367453,43.87591147996753,47.23636439987861,0.08398799497211674,-0.1993876741087981,-0.22125352898997613,0.26148774971076255,0.13842639874843907
Sumatera Utara,Langkat,130993.95578764638,5239.758231505855,9451.147616150314,1923.6389763796533,124.26708990613325,47.18947823652787,0.21127881659492687,-0.05994386241438589,-0.10816386894997045,0.6477047760078984,0.1347731208232934
Sumatera Utara,Mandailing Natal,173974.2884915648,6958.9715396625925,17224.658836618713,3891.591870262366,-93.0415220841733,31.346048925158165,0.498642270262688,0.3973315076558845,0.3975699706193364,-0.396293925774253,-1.099715829122256
Sumatera Utara,Nias,6712.546357802098,268.50185431208394,1193.8713806290696,214.71139396887645,15.087639748699322,58.87703798825727,-0.6196578652237585,-0.5456766206598818,-0.5473321592505228,0.12318251625164649,1.0454448625139783
Sumatera Utara,Nias Barat,2723.656605382175,108.94626421528699,336.9089421510036,69.17230446666159,-3.1206116933335064,32.03979705277465,-0.6463272989727166,-0.5960872787367046,-0.5847334826105335,0.035706043538023854,-1.0456603351533227
Sumatera Utara,Nias Selatan,22243.69268563236,889.7477074252944,2705.772256348097,495.54805756348725,25.718442045540385,57.824208800678534,-0.515817723293499,-0.45673932928071964,-0.47516142558457714,0.17425524500893963,0.9634104763528084
Sumatera Utara,Nias Utara,13329.12620713234,533.1650482852936,1180.9694009529037,232.55824576113744,1.479677071324352,39.49398501195881,-0.5754198820031514,-0.5464355772451019,-0.5427457908932412,0.05780684964109745,-0.4648446237576647
Sumatera Utara,Padang Lawas,129454.84418145053,5178.193767258022,16068.209242032906,3392.0848344325755,-70.16183368030201,34.442926818252595,0.2009884256437128,0.3293035726167716,0.269204290776423,-0.28637483526031027,-0.8584131753077698
Sumatera Utara,Padang Lawas Utara,96235.44053259505,3849.417621303802,8740.436698605688,1656.3092205716005,33.977816101400215,45.75967399659528,-0.021114149203229786,-0.10175130162891598,-0.17686353358939721,0.21393510726969292,0.023365577664982196
Sumatera Utara,Padangsidimpuan,1366.2978417040438,54.651913668161754,192.42566548837527,46.423606397097075,0.6601980147140682,42.308134764567725,-0.6554025033198712,-0.6045864809544751,-0.5905795506011271,0.05386989075390452,-0.2455715923442803
Sumatera Utara,Pakpak Barat,15473.798608372821,618.9519443349128,1060.030145642045,232.89210278169705,7.903672524703963,46.1907137508006,-0.561080754559631,-0.5535498067303156,-0.5426599947375509,0.0886691465936081,0.05695135023328893
Sumatera Utara,Pematangsiantar,887.9417768704693,35.51767107481877,132.3107965444608,30.273616421935195,0.06447317718875695,51.98656439284242,-0.6586007580151161,-0.6081227270810224,-0.5947298513855275,0.051007896692557564,0.508552669147299
Sumatera Utara,Samosir,15774.318139899873,630.9727255959949,2606.424396340982,700.4911203102539,-14.90012621894445,20.087257780595298,-0.5590715023030435,-0.4625834489020849,-0.4224941883055771,-0.020885353184487934,-1.9769787615691756
Sumatera Utara,Serdang Bedagai,56424.750297967345,2256.9900119186937,4530.137682934624,968.5889636265557,24.56224033017478,51.791567291438724,-0.28728559830597383,-0.3494213680756037,-0.3535971369065996,0.16870059589133432,0.4933588773094725
Sumatera Utara,Sibolga,69.28436804514229,2.7713747218056914,11.457767454548067,2.9235755435091315,0.16000585597225989,66.25975792096396,-0.6640742433413314,-0.6152318843246231,-0.6017583942072685,0.05146685684012962,1.6206919254038776
Sumatera Utara,Simalungun,117769.82090999026,4710.792836399611,8319.54106102171,1602.6075071928644,-1.1613016810206669,43.39627539731639,0.12286318946635635,-0.12651041021943257,-0.1906640538065733,0.045119002787584656,-0.1607858076056826
Sumatera Utara,Tapanuli Selatan,90369.3955328601,3614.775821314404,9985.043381520834,2070.234209801819,-35.523763737094654,33.44592087713993,-0.06033410969322055,-0.028537542057387143,-0.07049113273173802,-0.11996587557048023,-0.9360979235491363
Sumatera Utara,Tapanuli Tengah,59195.359657792644,2367.8143863117057,4751.8913857592015,941.44963945738,26.141931790238246,42.09140528078962,-0.26876150078703964,-0.33637674722826266,-0.3605715287520841,0.1762897835375017,-0.26245872880907767
Sumatera Utara,Tapanuli Utara,40149.73723791755,1605.989489516702,3533.833629062776,738.6757338507782,72.14813224809983,58.36881660965477,-0.39609918040738573,-0.4080287710902363,-0.4126813257729689,0.39731376004736674,1.0058452490918612
Sumatera Utara,Tebingtinggi,224.65697815068742,8.986279126027497,34.40887653651436,7.448881386894973,-0.055121024228193545,52.78637995117321,-0.6630354330986821,-0.6138817895474592,-0.6005954597150279,0.050433339661078574,0.5708727293659117
Sumatera Utara,Toba Samosir,28959.377591018347,1158.3751036407339,2458.7277716692424,560.9920789301017,30.780182604586066,53.502605421336156,-0.4709171307026875,-0.4712716757264144,-0.45834331154054947,0.19857296773516767,0.6266796137978828
